<TextureAtlas imagePath="spritesheet_double.png">
	<SubTexture name="blue_body_circle.png" x="480" y="960" width="160" height="160"/>
	<SubTexture name="blue_body_rhombus.png" x="320" y="960" width="160" height="160"/>
	<SubTexture name="blue_body_square.png" x="480" y="320" width="160" height="160"/>
	<SubTexture name="blue_body_squircle.png" x="480" y="640" width="160" height="160"/>
	<SubTexture name="blue_hand_closed.png" x="960" y="218" width="70" height="68"/>
	<SubTexture name="blue_hand_open.png" x="1016" y="422" width="68" height="76"/>
	<SubTexture name="blue_hand_peace.png" x="1098" y="80" width="56" height="80"/>
	<SubTexture name="blue_hand_point.png" x="990" y="700" width="68" height="72"/>
	<SubTexture name="blue_hand_rock.png" x="944" y="556" width="72" height="76"/>
	<SubTexture name="blue_hand_thumb.png" x="1030" y="292" width="64" height="76"/>
	<SubTexture name="face_a.png" x="218" y="1094" width="100" height="58"/>
	<SubTexture name="face_b.png" x="118" y="1094" width="100" height="48"/>
	<SubTexture name="face_c.png" x="0" y="1094" width="118" height="60"/>
	<SubTexture name="face_d.png" x="800" y="1062" width="106" height="66"/>
	<SubTexture name="face_e.png" x="800" y="772" width="110" height="80"/>
	<SubTexture name="face_f.png" x="800" y="852" width="110" height="66"/>
	<SubTexture name="face_g.png" x="800" y="918" width="110" height="64"/>
	<SubTexture name="face_h.png" x="800" y="700" width="110" height="72"/>
	<SubTexture name="face_i.png" x="192" y="160" width="118" height="84"/>
	<SubTexture name="face_j.png" x="832" y="74" width="100" height="78"/>
	<SubTexture name="face_k.png" x="800" y="982" width="110" height="80"/>
	<SubTexture name="face_l.png" x="832" y="0" width="106" height="74"/>
	<SubTexture name="facial_part_eye_closed_down.png" x="494" y="1128" width="46" height="22"/>
	<SubTexture name="facial_part_eye_closed_up.png" x="448" y="1128" width="46" height="22"/>
	<SubTexture name="facial_part_eye_half_bottom.png" x="580" y="1134" width="40" height="20"/>
	<SubTexture name="facial_part_eye_half_top.png" x="540" y="1128" width="40" height="20"/>
	<SubTexture name="facial_part_eye_half_top_wing.png" x="398" y="1128" width="50" height="20"/>
	<SubTexture name="facial_part_eye_open.png" x="960" y="422" width="40" height="40"/>
	<SubTexture name="facial_part_eyebrow_a.png" x="118" y="1142" width="40" height="10"/>
	<SubTexture name="facial_part_eyebrow_b.png" x="700" y="1128" width="40" height="14"/>
	<SubTexture name="facial_part_eyebrow_c.png" x="620" y="1144" width="30" height="10"/>
	<SubTexture name="facial_part_eyebrow_d.png" x="620" y="1128" width="40" height="16"/>
	<SubTexture name="facial_part_mouth_angry.png" x="318" y="1128" width="80" height="20"/>
	<SubTexture name="facial_part_mouth_happy.png" x="660" y="1128" width="40" height="14"/>
	<SubTexture name="facial_part_mouth_sad.png" x="580" y="1120" width="40" height="14"/>
	<SubTexture name="facial_part_mouth_smirk.png" x="288" y="244" width="28" height="14"/>
	<SubTexture name="green_body_circle.png" x="480" y="800" width="160" height="160"/>
	<SubTexture name="green_body_rhombus.png" x="480" y="480" width="160" height="160"/>
	<SubTexture name="green_body_square.png" x="480" y="160" width="160" height="160"/>
	<SubTexture name="green_body_squircle.png" x="320" y="800" width="160" height="160"/>
	<SubTexture name="green_hand_closed.png" x="960" y="150" width="70" height="68"/>
	<SubTexture name="green_hand_open.png" x="982" y="924" width="68" height="76"/>
	<SubTexture name="green_hand_peace.png" x="1084" y="528" width="56" height="80"/>
	<SubTexture name="green_hand_point.png" x="982" y="852" width="68" height="72"/>
	<SubTexture name="green_hand_rock.png" x="944" y="480" width="72" height="76"/>
	<SubTexture name="green_hand_thumb.png" x="1050" y="924" width="64" height="76"/>
	<SubTexture name="hand_yellow_closed.png" x="944" y="632" width="70" height="68"/>
	<SubTexture name="hand_yellow_open.png" x="986" y="1000" width="68" height="76"/>
	<SubTexture name="hand_yellow_peace.png" x="1084" y="368" width="56" height="80"/>
	<SubTexture name="hand_yellow_point.png" x="982" y="780" width="68" height="72"/>
	<SubTexture name="hand_yellow_rock.png" x="932" y="74" width="72" height="76"/>
	<SubTexture name="hand_yellow_thumb.png" x="1050" y="772" width="64" height="76"/>
	<SubTexture name="pink_body_circle.png" x="320" y="320" width="160" height="160"/>
	<SubTexture name="pink_body_rhombus.png" x="640" y="800" width="160" height="160"/>
	<SubTexture name="pink_body_square.png" x="640" y="960" width="160" height="160"/>
	<SubTexture name="pink_body_squircle.png" x="800" y="160" width="160" height="160"/>
	<SubTexture name="pink_hand_closed.png" x="960" y="286" width="70" height="68"/>
	<SubTexture name="pink_hand_open.png" x="1004" y="68" width="68" height="76"/>
	<SubTexture name="pink_hand_peace.png" x="1072" y="0" width="56" height="80"/>
	<SubTexture name="pink_hand_point.png" x="1030" y="144" width="68" height="72"/>
	<SubTexture name="pink_hand_rock.png" x="910" y="780" width="72" height="76"/>
	<SubTexture name="pink_hand_thumb.png" x="1054" y="1000" width="64" height="76"/>
	<SubTexture name="purple_body_circle.png" x="640" y="320" width="160" height="160"/>
	<SubTexture name="purple_body_rhombus.png" x="640" y="480" width="160" height="160"/>
	<SubTexture name="purple_body_square.png" x="800" y="320" width="160" height="160"/>
	<SubTexture name="purple_body_squircle.png" x="672" y="0" width="160" height="160"/>
	<SubTexture name="purple_hand_closed.png" x="960" y="354" width="70" height="68"/>
	<SubTexture name="purple_hand_open.png" x="1016" y="570" width="68" height="76"/>
	<SubTexture name="purple_hand_peace.png" x="1084" y="448" width="56" height="80"/>
	<SubTexture name="purple_hand_point.png" x="1016" y="498" width="68" height="72"/>
	<SubTexture name="purple_hand_rock.png" x="910" y="856" width="72" height="76"/>
	<SubTexture name="purple_hand_thumb.png" x="1054" y="1076" width="64" height="76"/>
	<SubTexture name="red_body_circle.png" x="640" y="640" width="160" height="160"/>
	<SubTexture name="red_body_rhombus.png" x="512" y="0" width="160" height="160"/>
	<SubTexture name="red_body_square.png" x="320" y="640" width="160" height="160"/>
	<SubTexture name="red_body_squircle.png" x="640" y="160" width="160" height="160"/>
	<SubTexture name="red_hand_closed.png" x="938" y="0" width="70" height="68"/>
	<SubTexture name="red_hand_open.png" x="1030" y="216" width="68" height="76"/>
	<SubTexture name="red_hand_peace.png" x="1058" y="646" width="56" height="80"/>
	<SubTexture name="red_hand_point.png" x="986" y="1076" width="68" height="72"/>
	<SubTexture name="red_hand_rock.png" x="910" y="932" width="72" height="76"/>
	<SubTexture name="red_hand_thumb.png" x="1050" y="848" width="64" height="76"/>
	<SubTexture name="shadow.png" x="192" y="244" width="96" height="40"/>
	<SubTexture name="tile.png" x="352" y="0" width="160" height="160"/>
	<SubTexture name="tile_background_grass.png" x="910" y="1008" width="64" height="36"/>
	<SubTexture name="tile_background_tree_large.png" x="0" y="0" width="192" height="294"/>
	<SubTexture name="tile_background_tree_small.png" x="800" y="480" width="144" height="220"/>
	<SubTexture name="tile_center.png" x="320" y="480" width="160" height="160"/>
	<SubTexture name="tile_cloud.png" x="910" y="700" width="80" height="80"/>
	<SubTexture name="tile_coin.png" x="906" y="1062" width="80" height="80"/>
	<SubTexture name="tile_exclamation.png" x="192" y="0" width="160" height="160"/>
	<SubTexture name="tile_grey.png" x="160" y="934" width="160" height="160"/>
	<SubTexture name="tile_half.png" x="160" y="854" width="160" height="80"/>
	<SubTexture name="tile_half_center.png" x="160" y="774" width="160" height="80"/>
	<SubTexture name="tile_half_left.png" x="160" y="694" width="160" height="80"/>
	<SubTexture name="tile_half_right.png" x="160" y="614" width="160" height="80"/>
	<SubTexture name="tile_left.png" x="320" y="160" width="160" height="160"/>
	<SubTexture name="tile_ramp_left.png" x="160" y="294" width="160" height="160"/>
	<SubTexture name="tile_ramp_right.png" x="0" y="934" width="160" height="160"/>
	<SubTexture name="tile_right.png" x="0" y="774" width="160" height="160"/>
	<SubTexture name="yellow_body_circle.png" x="160" y="454" width="160" height="160"/>
	<SubTexture name="yellow_body_rhombus.png" x="0" y="454" width="160" height="160"/>
	<SubTexture name="yellow_body_square.png" x="0" y="614" width="160" height="160"/>
	<SubTexture name="yellow_body_squircle.png" x="0" y="294" width="160" height="160"/>
</TextureAtlas>