<TextureAtlas imagePath="spritesheet_default.png">
	<SubTexture name="blue_body_circle.png" x="0" y="147" width="80" height="80"/>
	<SubTexture name="blue_body_rhombus.png" x="240" y="480" width="80" height="80"/>
	<SubTexture name="blue_body_square.png" x="176" y="0" width="80" height="80"/>
	<SubTexture name="blue_body_squircle.png" x="240" y="240" width="80" height="80"/>
	<SubTexture name="blue_hand_closed.png" x="480" y="143" width="35" height="34"/>
	<SubTexture name="blue_hand_open.png" x="508" y="211" width="34" height="38"/>
	<SubTexture name="blue_hand_peace.png" x="542" y="182" width="28" height="40"/>
	<SubTexture name="blue_hand_point.png" x="493" y="538" width="34" height="36"/>
	<SubTexture name="blue_hand_rock.png" x="472" y="278" width="36" height="38"/>
	<SubTexture name="blue_hand_thumb.png" x="525" y="386" width="32" height="38"/>
	<SubTexture name="face_a.png" x="109" y="547" width="50" height="29"/>
	<SubTexture name="face_b.png" x="59" y="547" width="50" height="24"/>
	<SubTexture name="face_c.png" x="0" y="547" width="59" height="30"/>
	<SubTexture name="face_d.png" x="400" y="531" width="53" height="33"/>
	<SubTexture name="face_e.png" x="400" y="350" width="55" height="40"/>
	<SubTexture name="face_f.png" x="400" y="422" width="55" height="33"/>
	<SubTexture name="face_g.png" x="400" y="390" width="55" height="32"/>
	<SubTexture name="face_h.png" x="400" y="455" width="55" height="36"/>
	<SubTexture name="face_i.png" x="96" y="80" width="59" height="42"/>
	<SubTexture name="face_j.png" x="416" y="37" width="50" height="39"/>
	<SubTexture name="face_k.png" x="400" y="491" width="55" height="40"/>
	<SubTexture name="face_l.png" x="416" y="0" width="53" height="37"/>
	<SubTexture name="facial_part_eye_closed_down.png" x="224" y="564" width="23" height="11"/>
	<SubTexture name="facial_part_eye_closed_up.png" x="247" y="564" width="23" height="11"/>
	<SubTexture name="facial_part_eye_half_bottom.png" x="290" y="567" width="20" height="10"/>
	<SubTexture name="facial_part_eye_half_top.png" x="270" y="564" width="20" height="10"/>
	<SubTexture name="facial_part_eye_half_top_wing.png" x="199" y="564" width="25" height="10"/>
	<SubTexture name="facial_part_eye_open.png" x="480" y="211" width="20" height="20"/>
	<SubTexture name="facial_part_eyebrow_a.png" x="59" y="571" width="20" height="5"/>
	<SubTexture name="facial_part_eyebrow_b.png" x="350" y="564" width="20" height="7"/>
	<SubTexture name="facial_part_eyebrow_c.png" x="310" y="572" width="15" height="5"/>
	<SubTexture name="facial_part_eyebrow_d.png" x="310" y="564" width="20" height="8"/>
	<SubTexture name="facial_part_mouth_angry.png" x="159" y="564" width="40" height="10"/>
	<SubTexture name="facial_part_mouth_happy.png" x="330" y="564" width="20" height="7"/>
	<SubTexture name="facial_part_mouth_sad.png" x="290" y="560" width="20" height="7"/>
	<SubTexture name="facial_part_mouth_smirk.png" x="144" y="122" width="14" height="7"/>
	<SubTexture name="green_body_circle.png" x="336" y="0" width="80" height="80"/>
	<SubTexture name="green_body_rhombus.png" x="240" y="320" width="80" height="80"/>
	<SubTexture name="green_body_square.png" x="240" y="160" width="80" height="80"/>
	<SubTexture name="green_body_squircle.png" x="160" y="480" width="80" height="80"/>
	<SubTexture name="green_hand_closed.png" x="469" y="0" width="35" height="34"/>
	<SubTexture name="green_hand_open.png" x="491" y="464" width="34" height="38"/>
	<SubTexture name="green_hand_peace.png" x="536" y="0" width="28" height="40"/>
	<SubTexture name="green_hand_point.png" x="491" y="390" width="34" height="36"/>
	<SubTexture name="green_hand_rock.png" x="472" y="240" width="36" height="38"/>
	<SubTexture name="green_hand_thumb.png" x="525" y="424" width="32" height="38"/>
	<SubTexture name="hand_yellow_closed.png" x="480" y="109" width="35" height="34"/>
	<SubTexture name="hand_yellow_open.png" x="491" y="426" width="34" height="38"/>
	<SubTexture name="hand_yellow_peace.png" x="549" y="40" width="28" height="40"/>
	<SubTexture name="hand_yellow_point.png" x="493" y="502" width="34" height="36"/>
	<SubTexture name="hand_yellow_rock.png" x="455" y="466" width="36" height="38"/>
	<SubTexture name="hand_yellow_thumb.png" x="515" y="144" width="32" height="38"/>
	<SubTexture name="pink_body_circle.png" x="240" y="400" width="80" height="80"/>
	<SubTexture name="pink_body_rhombus.png" x="160" y="240" width="80" height="80"/>
	<SubTexture name="pink_body_square.png" x="320" y="80" width="80" height="80"/>
	<SubTexture name="pink_body_squircle.png" x="320" y="240" width="80" height="80"/>
	<SubTexture name="pink_hand_closed.png" x="480" y="177" width="35" height="34"/>
	<SubTexture name="pink_hand_open.png" x="502" y="34" width="34" height="38"/>
	<SubTexture name="pink_hand_peace.png" x="529" y="325" width="28" height="40"/>
	<SubTexture name="pink_hand_point.png" x="515" y="72" width="34" height="36"/>
	<SubTexture name="pink_hand_rock.png" x="455" y="390" width="36" height="38"/>
	<SubTexture name="pink_hand_thumb.png" x="527" y="538" width="32" height="38"/>
	<SubTexture name="purple_body_circle.png" x="320" y="160" width="80" height="80"/>
	<SubTexture name="purple_body_rhombus.png" x="400" y="160" width="80" height="80"/>
	<SubTexture name="purple_body_square.png" x="400" y="80" width="80" height="80"/>
	<SubTexture name="purple_body_squircle.png" x="320" y="480" width="80" height="80"/>
	<SubTexture name="purple_hand_closed.png" x="480" y="75" width="35" height="34"/>
	<SubTexture name="purple_hand_open.png" x="508" y="249" width="34" height="38"/>
	<SubTexture name="purple_hand_peace.png" x="542" y="222" width="28" height="40"/>
	<SubTexture name="purple_hand_point.png" x="515" y="108" width="34" height="36"/>
	<SubTexture name="purple_hand_rock.png" x="455" y="428" width="36" height="38"/>
	<SubTexture name="purple_hand_thumb.png" x="525" y="462" width="32" height="38"/>
	<SubTexture name="red_body_circle.png" x="320" y="400" width="80" height="80"/>
	<SubTexture name="red_body_rhombus.png" x="320" y="320" width="80" height="80"/>
	<SubTexture name="red_body_square.png" x="256" y="0" width="80" height="80"/>
	<SubTexture name="red_body_squircle.png" x="160" y="400" width="80" height="80"/>
	<SubTexture name="red_hand_closed.png" x="472" y="316" width="35" height="34"/>
	<SubTexture name="red_hand_open.png" x="508" y="287" width="34" height="38"/>
	<SubTexture name="red_hand_peace.png" x="542" y="262" width="28" height="40"/>
	<SubTexture name="red_hand_point.png" x="495" y="350" width="34" height="36"/>
	<SubTexture name="red_hand_rock.png" x="466" y="37" width="36" height="38"/>
	<SubTexture name="red_hand_thumb.png" x="527" y="500" width="32" height="38"/>
	<SubTexture name="shadow.png" x="96" y="122" width="48" height="20"/>
	<SubTexture name="tile.png" x="240" y="80" width="80" height="80"/>
	<SubTexture name="tile_background_grass.png" x="455" y="504" width="32" height="18"/>
	<SubTexture name="tile_background_tree_large.png" x="0" y="0" width="96" height="147"/>
	<SubTexture name="tile_background_tree_small.png" x="400" y="240" width="72" height="110"/>
	<SubTexture name="tile_center.png" x="160" y="320" width="80" height="80"/>
	<SubTexture name="tile_cloud.png" x="455" y="350" width="40" height="40"/>
	<SubTexture name="tile_coin.png" x="453" y="531" width="40" height="40"/>
	<SubTexture name="tile_exclamation.png" x="160" y="80" width="80" height="80"/>
	<SubTexture name="tile_grey.png" x="96" y="0" width="80" height="80"/>
	<SubTexture name="tile_half.png" x="80" y="507" width="80" height="40"/>
	<SubTexture name="tile_half_center.png" x="80" y="467" width="80" height="40"/>
	<SubTexture name="tile_half_left.png" x="80" y="427" width="80" height="40"/>
	<SubTexture name="tile_half_right.png" x="80" y="387" width="80" height="40"/>
	<SubTexture name="tile_left.png" x="80" y="307" width="80" height="80"/>
	<SubTexture name="tile_ramp_left.png" x="160" y="160" width="80" height="80"/>
	<SubTexture name="tile_ramp_right.png" x="80" y="147" width="80" height="80"/>
	<SubTexture name="tile_right.png" x="0" y="467" width="80" height="80"/>
	<SubTexture name="yellow_body_circle.png" x="0" y="387" width="80" height="80"/>
	<SubTexture name="yellow_body_rhombus.png" x="80" y="227" width="80" height="80"/>
	<SubTexture name="yellow_body_square.png" x="0" y="227" width="80" height="80"/>
	<SubTexture name="yellow_body_squircle.png" x="0" y="307" width="80" height="80"/>
</TextureAtlas>